datetime,25-EC,26-EC,27-EC,34-EC,35-EC,36-EC,63-EC,64-EC,65-EC,67-EC,8--EC,9--EC,mean_electric
2020-12-01,23464.1,2707.8,13513.7,18872.05,22418.15,15555.6,26957.4,8936.8,23581.35,14386.25,33317.05,16975.05,18390.441666666666
2020-12-02,36420.85,16007.050000000001,12916.85,19640.95,56093.55,24462.15,32462.15,16168.95,42717.4,30364.85,37076.45,21498.75,28819.1625
2020-12-03,32563.6,7484.5,13087.75,24998.5,51346.3,23836.35,48496.75,12368.55,41125.8,25221.95,40304.9,17680.85,28209.65
2020-12-04,28281.3,9111.95,11154.45,24865.85,36055.95,19549.3,54527.45,12470.2,29775.15,25984.55,31388.6,21138.65,25358.616666666665
2020-12-05,21275.55,12766.55,17957.05,25895.0,35314.7,42248.95,50634.15,14504.85,47359.3,28940.1,33683.2,17235.2,28984.55
2020-12-06,25996.15,19156.5,13089.0,46918.3,39740.25,30687.85,62303.55,14381.783333333333,49813.8,26458.2,29846.6,20444.0,31569.665277777778
2020-12-07,27939.75,6449.6,28480.35,40584.45,53893.55,29087.3,45028.55,22730.9,39623.7,26187.95,27747.55,16637.85,30365.958333333332
2020-12-08,29963.75,11737.05,14347.6,31103.4,32471.85,22891.8,50127.4,11671.4,37642.85,27184.149999999998,42823.2,20079.85,27670.358333333334
2020-12-09,27696.149999999998,16683.55,9511.5,26601.3,44251.65,22677.0,72408.95,12535.7,40784.0,23451.2,39536.15,20791.9,29744.0875
2020-12-10,24308.65,6828.35,12475.65,37179.4,48794.3,24303.4,75813.65,12335.05,48713.0,32371.65,30254.55,26188.15,31630.483333333334
2020-12-11,29511.35,15006.15,16312.2,40376.7,48594.6,21832.1,69384.05,13306.2,38579.916666666664,30070.45,36964.95,19142.6,31590.105555555554
2020-12-12,31130.65,23044.05,10020.3,42042.45,42619.5,21651.35,66360.7,14015.1,52929.6,26641.55,41177.25,18996.05,32552.379166666666
2020-12-13,37240.1,18881.95,12587.35,39102.15,49430.35,67597.1,55409.1,12897.55,44879.95,30948.45,37032.05,24208.6,35851.225
2020-12-14,38548.7,8869.15,17969.45,35001.45,38994.15,22222.65,51626.05,16599.65,44767.1,27381.8,45315.05,18070.2,30447.116666666665
2020-12-15,39983.6,7021.65,12917.95,30074.15,47482.75,22600.55,46746.9,10025.95,41613.65,25248.25,42140.0,20819.05,28889.5375
2020-12-16,39749.45,11490.8,8861.0,29016.0,50851.25,27727.5,43256.65,13453.8,49766.95,33922.4,56658.4,22634.15,32282.3625
2020-12-17,37253.35,14822.3,12551.25,25181.5,56343.05,30303.35,46620.55,12788.6,35501.35,27296.1,30635.95,25089.5,29532.2375
2020-12-18,31839.25,18081.45,13196.2,25749.25,30839.05,25235.35,33202.75,12828.5,31837.9,26137.15,41519.85,16945.15,25617.654166666667
2020-12-19,18087.25,13088.65,13994.35,43525.25,42447.2,23071.65,21117.0,13186.55,58470.35,24146.4,38996.9,19955.75,27507.274999999998
2020-12-20,22773.65,9194.65,12228.5,57809.25,53139.05,32584.5,45642.65,12254.1,45613.15,38608.15,30648.25,15664.1,31346.666666666668
2020-12-21,16833.65,29761.35,12694.65,37244.8,67994.35,37348.9,48578.35,15339.85,34910.95,30351.25,35266.3,23528.25,32487.720833333333
2020-12-22,23351.45,15034.15,10735.6,29528.9,39994.65,32303.35,46660.8,18458.4,52031.65,28660.15,37173.7,18760.65,29391.120833333334
2020-12-23,16030.8,9090.7,10130.3,40409.2,42211.9,17412.2,56914.65,12423.45,72109.85,34108.4,44145.05,25522.9,31709.116666666665
2020-12-24,21441.35,29608.55,19133.4,38566.8,55785.55,15381.2,54317.0,12167.95,31516.9,31781.3,33284.3,18214.1,30099.86666666667
2020-12-25,41973.6,13265.65,16063.5,51183.3,40347.3,16890.45,40698.15,10462.65,29771.9,39302.7,29871.3,24752.6,29548.591666666667
2020-12-26,50378.05,10005.7,32288.8,35975.3,46719.95,16800.0,27327.75,8762.4,25876.5,52066.0,25046.4,25327.0,29714.4875
2020-12-27,56233.35,11181.65,19655.9,41214.65,46998.05,20233.7,40696.15,13044.0,61830.4,68736.6,37267.7,18085.0,36264.762500000004
2020-12-28,43323.3,4965.05,12610.05,45309.6,60998.45,24547.8,41177.0,14434.75,53663.1,56255.05,45420.3,23486.5,35515.9125
2020-12-29,24719.55,20290.2,15572.1,34381.75,81835.4,28898.5,45445.4,17263.85,52703.2,33299.65,37732.35,19697.7,34319.97083333333
2020-12-30,23515.7,14826.75,14264.45,41452.55,38373.2,26208.05,35589.75,25185.45,42549.5,25803.5,44570.65,24597.8,29744.779166666667
2020-12-31,35040.25,17006.0,21929.9,35920.7,41142.05,23219.25,28317.25,17232.3,39855.55,37831.3,30213.8,21649.85,29113.18333333333
2021-01-01,52642.9,26476.55,15313.45,33711.3,46182.25,18103.2,31724.25,11228.7,70029.7,27157.5,13522.65,18455.2,30378.970833333333
2021-01-02,26812.333333333332,15233.15,13815.15,24523.45,34546.8,20331.45,12797.85,19901.95,30980.35,23796.8,32267.05,19229.75,22853.006944444445
2021-01-03,14623.3,14947.0,18575.25,23527.75,34268.4,23015.25,8581.3,7332.15,42256.35,29452.95,20263.8,21760.55,21550.3375
2021-01-04,20135.85,11809.65,13589.3,62912.45,60243.85,33960.95,11831.35,13795.3,50968.5,27847.45,33354.3,18405.7,29904.554166666665
2021-01-05,26090.9,24591.5,13323.65,44407.3,52255.65,29339.75,11748.15,20576.5,36294.8,32630.15,37604.7,19360.15,29018.6
2021-01-06,26089.8,23104.25,11268.05,37323.25,44916.35,25734.1,12186.65,12952.2,42823.2,34353.15,39001.95,21197.45,27579.2
2021-01-07,20305.3,14914.25,11460.3,28496.15,45820.15,21754.6,17475.3,13459.25,52271.4,22679.45,37631.95,17959.5,25352.3
2021-01-08,25424.5,12390.8,13710.449999999999,33232.6,44692.8,22708.55,41133.1,12415.35,40067.8,25974.8,38425.9,29633.5,28317.5125
2021-01-09,35578.4,22156.0,17837.75,34531.7,52153.95,48277.7,45673.98333333333,12138.7,48518.8,24880.95,34239.3,26488.85,33539.67361111111
2021-01-10,60184.6,13796.85,11915.05,52895.9,46416.55,49076.0,54826.7,15100.7,37132.85,25923.45,44594.05,28599.2,36705.15833333333
2021-01-11,42021.5,13050.5,14283.2,38125.65,59873.55,17323.0,64115.0,19608.8,57317.3,28663.100000000002,51117.95,26337.5,35986.42083333333
2021-01-12,48132.55,37085.15,14325.0,26179.05,43001.85,21801.75,43748.6,13268.8,38735.15,30158.9,59231.4,27885.25,33629.45416666666
2021-01-13,15993.55,18999.35,0.0,4387.9,18983.35,7294.25,62230.8,10773.55,35655.0,13484.6,20579.3,4149.7,17710.94583333333
2021-01-14,24757.4,12910.0,11658.45,23549.7,34799.05,15835.1,46394.5,6280.05,48483.65,21106.4,37707.5,29963.4,26120.43333333333
2021-01-15,28491.4,22904.9,10992.0,43288.4,45617.4,22140.6,43336.2,12847.75,36026.9,25798.4,42143.3,30530.65,30343.158333333333
2021-01-16,25628.55,34002.0,15547.4,27214.05,42182.3,27197.7,54461.45,20452.85,47996.25,24301.95,39753.2,19039.3,31481.416666666668
2021-01-17,26639.6,10749.95,10790.05,30079.65,55745.05,38004.25,46039.95,23364.6,35382.9,35351.65,36693.55,25876.7,31226.49166666667
2021-01-18,26291.85,14737.85,7497.5,45810.15,46403.85,34571.95,46317.5,14384.3,39944.3,28714.8,37863.7,25194.65,30644.366666666665
2021-01-19,26486.3,12977.55,13312.0,37579.55,44891.1,22257.8,62616.2,17775.2,53923.05,26259.4,53293.4,21664.0,32752.9625
2021-01-20,22961.5,5093.35,12034.8,32882.3,36038.3,29619.3,74640.55,12158.35,50405.65,28624.8,37534.8,17249.45,29936.929166666665
2021-01-21,22756.8,12326.8,8174.3,31594.05,38871.2,46790.9,56070.05,9268.35,34894.4,26103.05,46976.55,18257.1,29340.295833333334
2021-01-22,27904.3,20573.55,14793.65,26711.6,39757.35,21794.5,44444.05,13209.45,10412.5,26280.8,42656.15,23138.85,25973.0625
2021-01-23,36631.95,20940.35,11590.8,32498.5,33638.5,23585.6,52113.65,16300.45,9723.8,24603.0,37753.3,22126.1,26792.166666666664
2021-01-24,49038.25,9925.65,13262.7,50081.55,41423.8,18503.45,60531.65,11752.6,9717.75,24689.5,41775.4,26325.0,29752.275
2021-01-25,55014.0,7602.1,11827.3,52366.0,49315.26666666667,19306.2,52947.95,13465.5,9874.05,31908.8,37525.3,18912.55,30005.418055555558
2021-01-26,31017.85,14245.05,16776.7,39504.8,40818.0,20460.7,65197.45,14633.3,9912.6,32549.8,40342.1,23783.85,29103.516666666666
2021-01-27,24861.95,8999.95,13326.55,34702.95,43557.0,32374.3,63841.45,16498.55,9794.1,30300.15,33081.35,21481.75,27735.004166666666
2021-01-28,22636.6,10655.35,10828.3,41662.5,67212.3,20919.25,53812.75,12213.1,9624.55,32195.9,41437.0,19233.25,28535.904166666667
2021-01-29,21717.7,17128.45,13437.25,35411.65,38713.75,25380.3,40610.76666666667,12417.95,9750.7,36158.9,44595.3,15230.800000000001,25879.459722222222
2021-01-30,23792.4,9159.95,19555.05,35356.75,41555.2,23532.45,49631.9,9806.45,9763.0,26555.25,31912.05,25177.6,25483.170833333334
2021-01-31,21710.9,9083.65,16425.15,49758.4,52531.4,31791.6,76507.7,9767.6,9710.95,32962.5,37661.45,22886.55,30899.82083333333
2021-02-01,20879.15,9946.95,16741.05,44521.05,48399.45,29810.3,58565.55,10444.2,9953.65,28889.65,47040.55,16744.95,28494.708333333332
2021-02-02,22535.1,15458.65,17672.4,47985.85,49872.75,24044.3,57352.1,20093.75,9879.65,48252.4,47746.1,18766.05,31638.258333333335
2021-02-03,23733.75,7295.5,11130.0,42718.05,47089.2,21734.3,55462.0,18500.6,9874.133333333333,33134.9,50991.6,21961.75,28635.481944444444
2021-02-04,19534.25,17489.55,11928.0,36670.6,46212.9,21720.0,36617.1,16010.35,9926.9,28773.6,56394.35,25936.0,27267.8
2021-02-05,31762.4,12346.5,10964.1,28497.45,48645.35,26131.583333333332,46921.25,12815.9,10029.15,30079.05,67154.35,18215.35,28630.202777777777
2021-02-06,30919.666666666668,13239.75,8530.6,30570.1,40690.35,21125.2,42385.5,12394.5,9596.55,22740.95,75158.45,20226.25,27298.155555555557
2021-02-07,36821.7,5831.0,11344.4,37236.1,50691.85,29008.35,42754.2,10228.4,9924.4,25263.35,37914.35,18594.2,26301.024999999998
2021-02-08,50210.35,9137.35,11226.4,28491.25,47696.55,34500.7,34439.2,15737.3,10131.05,32301.7,48895.85,19163.95,28494.304166666665
2021-02-09,26518.05,17348.3,12242.95,20413.35,41830.7,24302.55,40968.2,13151.0,10105.65,32785.8,43376.65,16541.55,24965.395833333332
2021-02-10,21328.45,14063.25,11761.75,25006.75,44400.4,27636.65,53229.1,16599.95,9990.7,28198.1,48394.4,24519.05,27094.045833333334
2021-02-11,22654.35,15523.85,9474.35,25798.15,40149.7,28278.7,50465.55,11243.133333333333,68627.9,32220.75,86341.1,20025.4,34233.57777777778
2021-02-12,23833.65,10966.55,9437.9,30908.7,46455.1,27836.7,70734.65,13761.75,52004.85,27757.8,64322.95,22806.3,33402.24166666667
2021-02-13,34619.0,3494.95,10184.0,33632.2,53527.4,22317.4,50586.3,9940.05,58902.55,31958.0,59651.5,20157.35,32414.225
2021-02-14,43725.85,4897.65,11826.9,39450.5,43423.0,55132.3,66819.2,15373.35,103070.1,18534.6,58695.65,24016.6,40413.808333333334
2021-02-15,33768.95,14041.2,9157.85,31853.65,56466.65,20458.55,47867.75,13349.2,76793.1,10552.4,51262.1,19625.3,32099.725
2021-02-16,20754.85,27123.3,16065.55,40260.0,48728.25,22926.1,53022.65,15738.8,60698.85,10348.7,95382.55,20073.2,35926.9
2021-02-17,19994.35,6680.2,11541.45,26326.8,49577.95,21758.2,55176.5,16908.2,58513.9,10733.25,59167.85,25467.8,30153.870833333334
2021-02-18,21433.35,7845.8,11109.95,30740.4,36233.2,22599.0,62526.1,12661.1,39627.2,11180.75,43762.8,23691.05,26950.891666666666
2021-02-19,19185.2,16911.7,7497.55,27213.4,36450.05,59851.05,75079.4,14604.1,61549.45,10268.25,38957.55,22757.4,32527.091666666667
2021-02-20,19641.7,7515.95,15471.35,21589.4,37724.7,24010.55,53878.7,12971.35,83044.6,11079.05,44229.7,25235.45,29699.375
2021-02-21,22301.95,7284.25,14059.95,29916.25,43026.4,26285.15,77455.9,13737.45,82548.35,11026.7,76471.05,18453.25,35213.8875
2021-02-22,24040.05,9130.25,11401.15,46207.75,50951.75,21690.25,54674.1,11369.45,73083.9,10526.5,45556.8,25618.7,32020.8875
2021-02-23,35501.3,13115.65,9196.5,28721.95,41364.55,17492.3,64707.05,15035.1,54229.25,11110.8,45659.1,15915.25,29337.4
2021-02-24,28174.55,9979.25,8917.85,32566.0,50474.45,23824.75,51539.2,11623.45,82518.75,14453.65,20481.2,21187.75,29645.07083333333
2021-02-25,27626.7,12289.3,11490.7,21943.05,50454.3,40906.2,51134.05,14231.0,79601.55,28314.8,38092.95,17026.95,32759.295833333334
2021-02-26,23681.5,7076.25,12007.15,26574.05,44156.65,18171.2,69500.3,24591.8,83859.9,33814.6,38598.45,16229.85,33188.475
2021-02-27,34853.15,12985.15,16592.8,31324.9,39356.45,65831.45,92054.05,16467.65,89059.45,22777.55,31342.55,14563.0,38934.0125
2021-02-28,54669.6,7678.55,13773.3,40959.45,43764.95,25930.5,79678.75,14038.8,80414.25,25357.45,33013.4,23090.7,36864.14166666666
2021-03-01,29774.05,11078.75,18257.25,35907.2,70892.95,21250.3,61758.35,10228.5,80186.55,26152.5,35011.45,18000.35,34874.85
2021-03-02,18772.95,6967.05,8335.9,30407.9,52770.85,20439.0,43298.05,17212.85,54470.6,25292.5,41901.15,16260.3,28010.75833333333
2021-03-03,25821.75,27266.8,9630.9,39589.3,43540.6,22359.3,26637.35,8528.7,53057.35,26986.3,40622.9,18049.5,28507.5625
2021-03-04,19505.8,17769.95,9300.4,26382.0,36622.4,18937.75,29219.5,13000.8,70397.3,28026.45,41489.7,16533.45,27265.458333333332
2021-03-05,35352.1,10234.3,12472.85,29550.05,45370.15,39869.15,18436.9,11441.35,62965.8,28011.85,33093.55,16753.8,28629.32083333333
2021-03-06,39070.2,16157.3,13053.7,46114.0,57448.2,23170.45,43977.8,15989.05,52074.75,21246.55,48526.55,17284.0,32842.7125
2021-03-07,30960.0,23266.1,11882.25,33180.25,52272.55,31792.8,38301.0,15503.05,73563.6,27563.65,31733.8,22964.6,32748.6375
2021-03-08,17316.65,21222.15,15920.8,50878.5,64424.15,29337.916666666668,35249.4,14604.1,67279.7,30824.1,33423.3,19119.15,33299.993055555555
2021-03-09,20928.35,11270.6,12140.35,36046.95,47970.583333333336,27172.3,63301.5,14173.5,71598.86666666667,27299.9,43782.6,19884.1,32964.13333333333
2021-03-10,20376.15,19130.4,12325.45,45446.6,47785.75,29987.45,58176.05,13193.7,69519.7,25444.8,39144.0,19317.0,33320.5875
2021-03-11,19734.1,14661.9,8194.6,34185.2,49012.35,26063.35,41105.183333333334,20356.35,57832.4,32418.0,37391.9,21842.7,30233.169444444444
2021-03-12,19998.85,9167.95,12698.75,31170.75,58422.8,18873.4,63446.5,12382.85,59127.4,28822.15,41760.05,16545.45,31034.74166666667
2021-03-13,19474.866666666665,43991.4,9313.65,28431.2,42676.75,57986.7,49251.05,0.0,72490.75,22847.85,39091.75,19085.6,33720.13055555555
2021-03-14,30464.15,5344.3,11887.05,33226.25,45964.85,41515.0,67177.15,0.0,58365.8,32911.8,34684.6,21488.0,31919.079166666666
2021-03-15,26585.75,17224.0,6986.25,30458.85,49415.35,24052.8,56210.5,0.0,37585.75,35580.5,37778.85,15694.4,28131.083333333332
2021-03-16,19042.05,16038.45,11752.95,34986.0,45074.4,24052.05,57699.3,0.0,66147.15,24068.7,49073.8,17499.15,30452.833333333332
2021-03-17,20079.25,12799.2,8844.9,48608.25,44692.9,24191.65,62416.55,376.25,58136.65,25497.1,29740.4,16015.7,29283.233333333334
2021-03-18,20454.55,14208.15,15146.1,34235.3,50830.3,29352.9,35370.15,0.0,45171.85,34144.35,37338.15,23922.3,28347.841666666667
2021-03-19,34787.1,15771.05,16090.45,30916.9,54346.7,28948.5,61731.65,36771.15,78389.85,33887.8,50607.05,20402.8,38554.25
2021-03-20,40207.0,12495.8,11010.35,30892.8,50793.5,25298.45,56188.3,0.0,63737.25,24303.899999999998,43693.15,25920.45,32045.079166666666
2021-03-21,26401.25,10073.9,14813.0,49564.8,59452.1,49671.35,44104.55,0.0,76618.7,33174.05,50252.5,17418.5,35962.058333333334
2021-03-22,27504.8,13745.8,12408.05,37563.35,64350.8,30201.85,49851.5,0.0,75688.9,31824.95,37779.9,25182.5,33841.86666666667
2021-03-23,27037.15,15821.4,7172.7,44875.75,62020.45,22336.55,54826.35,38273.4,58393.0,26638.9,43469.35,18439.15,34942.0125
2021-03-24,26109.9,19431.6,10464.55,36160.95,43669.0,23851.7,49138.9,21202.35,60950.0,26030.65,40816.65,26750.65,32048.075
2021-03-25,23375.85,10971.2,10309.55,30078.5,64900.25,24806.55,50577.5,0.0,86430.6,27143.3,37492.35,23994.15,32506.65
2021-03-26,25787.15,16758.75,11521.25,45984.65,46073.7,28847.75,71639.4,0.0,78414.75,29265.3,50312.55,18151.9,35229.7625
2021-03-27,24286.2,29495.65,15078.5,38379.75,47276.55,31115.2,55203.95,0.0,88079.75,29984.9,46439.15,21186.95,35543.879166666666
2021-03-28,25576.5,15165.05,8904.55,31959.75,61557.15,35784.9,76582.0,14595.7,85502.3,25466.9,32747.95,22869.1,36392.65416666667
2021-03-29,20308.2,10707.5,10337.05,37654.45,66537.1,26224.25,49232.15,0.0,54772.1,27811.7,37431.95,19563.6,30048.3375
2021-03-30,19255.2,13412.0,9956.8,50686.7,61208.0,26174.05,51589.6,0.0,37033.45,25209.75,34969.05,20822.65,29193.104166666668
2021-03-31,19949.05,9743.9,8224.85,32819.55,53592.35,33251.75,47472.15,0.0,64346.3,29135.1,34682.3,14740.4,28996.475
2021-04-01,18940.4,15409.55,12186.25,36874.3,44392.35,29088.5,34245.95,0.0,58436.45,21066.4,26066.1,17086.5,26149.395833333332
2021-04-02,24318.15,23898.0,10430.25,40780.6,37223.6,39212.5,43803.35,13109.25,67090.65,30011.2,36391.45,22297.2,32380.516666666666
2021-04-03,37496.3,17048.95,11360.55,23273.2,32844.75,14862.4,51718.9,0.0,39400.0,24783.05,46299.2,18578.75,26472.170833333334
2021-04-04,45638.55,13179.75,9184.1,15534.9,39296.35,21952.15,41387.5,0.0,32461.2,19449.6,25813.95,20568.5,23705.545833333334
2021-04-05,38875.45,7818.2,10560.6,35363.3,50421.75,21184.3,71761.9,0.0,66994.4,25284.4,18936.7,17272.1,30372.75833333333
2021-04-06,39848.0,9434.5,9424.8,40749.95,45367.45,20841.9,56610.75,0.0,80015.4,27964.600000000002,42986.55,20725.7,32830.8
2021-04-07,44210.2,14859.75,12145.95,45864.4,49202.45,21546.9,47915.8,0.0,74347.0,27911.55,35496.0,25022.9,33210.24166666667
2021-04-08,36441.55,14304.8,19527.7,39558.7,34910.0,25308.45,60920.8,3824.5,53072.85,29612.2,45766.55,20557.8,31983.825
2021-04-09,21222.8,6474.55,11395.2,38508.85,40468.75,63890.5,65362.55,0.0,55524.5,29242.95,44867.35,16072.65,32752.554166666665
2021-04-10,28225.05,30836.4,14414.0,37265.3,42738.8,19145.8,60903.65,0.0,71906.4,25283.4,37670.65,25714.45,32841.99166666667
2021-04-11,18248.8,12202.95,14537.9,49972.15,44895.9,21324.3,36772.45,0.0,64232.1,31819.95,19816.05,16828.3,27554.2375
2021-04-12,19725.55,21156.0,13372.7,33803.3,54360.7,17883.85,43402.95,0.0,79353.9,28963.95,37578.1,20962.45,30880.2875
2021-04-13,26101.35,23998.55,9806.2,23315.2,65826.5,30999.983333333334,54122.3,31289.7,61628.7,27267.35,49338.05,17234.1,35077.33194444444
2021-04-14,24955.1,7651.6,12180.95,33162.4,60827.25,31709.3,61372.9,0.0,64225.35,27908.15,27617.95,23312.95,31243.658333333333
2021-04-15,19207.25,14745.45,14950.05,31218.6,71495.7,26339.6,57561.9,35887.8,64209.55,26294.05,33722.45,14996.45,34219.07083333333
2021-04-16,24141.8,14108.45,8375.65,30415.0,48349.25,25923.85,59750.25,0.0,82418.85,25438.2,30847.55,17434.65,30600.291666666664
2021-04-17,41458.95,14753.05,12370.65,23612.55,54562.8,32226.05,55291.75,0.0,85888.55,27655.05,37159.55,13639.25,33218.183333333334
2021-04-18,45358.45,11356.9,8819.0,12994.85,55647.35,40260.6,57355.4,0.0,62277.05,28946.4,27653.25,21439.2,31009.0375
2021-04-19,40685.55,9039.45,12588.05,35738.9,44640.15,31456.2,119629.6,0.0,47476.0,25502.75,34081.2,17680.85,34876.558333333334
2021-04-20,36845.9,7738.4,10231.65,34718.9,56462.35,28570.3,49631.55,0.0,65198.8,29542.7,47889.85,21666.5,32374.74166666667
2021-04-21,24707.35,13917.55,11740.25,27823.5,52447.1,25466.95,45901.65,0.0,71584.7,26278.95,33756.5,19850.75,29456.270833333332
2021-04-22,18339.25,9992.55,10128.95,36156.8,55263.8,25198.65,42064.7,0.0,51023.0,25610.8,32794.8,18563.3,27094.716666666667
2021-04-23,20805.85,12532.9,10095.0,29940.7,50807.65,22109.85,40966.5,39504.9,112198.55,24460.05,27302.7,17804.55,34044.1
2021-04-24,33922.0,15352.25,10482.7,33953.45,48163.65,31293.8,46189.95,23585.6,98120.3,22799.9,35361.25,14631.75,34488.05
2021-04-25,27227.9,12660.9,6131.9,27979.7,51600.05,44048.9,44892.7,19515.2,98363.0,21730.35,29666.4,21042.35,33738.27916666667
2021-04-26,24545.35,10977.4,9690.35,35878.7,56610.5,24049.0,39372.3,24981.75,80736.25,24122.95,34807.25,18111.95,31990.3125
2021-04-27,23796.3,6643.7,11412.4,36154.05,48348.0,22264.35,21459.45,15553.45,69266.25,22855.55,33218.7,18615.35,27465.629166666666
2021-04-28,19894.55,13932.65,10155.8,39140.1,62417.25,26701.15,47058.7,16760.15,78778.8,21737.55,22234.1,17461.05,31355.9875
2021-04-29,21170.95,7286.85,8662.2,45781.45,70945.45,33832.45,26405.4,16824.4,109980.4,28189.3,23821.2,17739.683333333334,34219.97777777778
2021-04-30,29387.4,7374.8,11365.3,18033.55,43389.4,27416.9,33820.5,19592.65,77921.05,25667.25,25480.55,21363.4,28401.0625
2021-05-01,42528.05,8949.8,8520.4,9052.15,47012.9,26266.2,42005.55,13566.7,82722.85,36716.25,25479.8,16467.75,29940.7
2021-05-02,35908.25,6805.85,16465.25,24294.25,55453.95,56386.65,61780.3,22946.25,68291.75,23494.0,23222.25,16508.3,34296.42083333333
2021-05-03,39323.95,10748.8,9528.85,11901.0,44116.25,22258.95,35368.0,17966.9,73150.35,27289.9,23983.15,16281.949999999999,27659.8375
2021-05-04,36214.35,7297.3,9225.95,21898.5,45618.25,20899.4,47546.75,13741.9,78087.3,29033.0,49498.65,15867.4,31244.0625
2021-05-05,37488.85,12978.35,10578.7,31059.85,40050.35,18945.0,60548.8,12591.7,85115.7,25388.75,29377.8,19896.95,32001.733333333334
2021-05-06,34355.5,13696.55,10799.75,27054.35,30836.6,24668.05,23002.45,12235.8,89731.4,26026.9,32709.9,16268.35,28448.8
2021-05-07,31150.45,12772.4,9572.9,42159.8,49167.2,33549.65,48974.6,12067.55,92236.35,31403.899999999998,28843.9,15436.15,33944.57083333333
2021-05-08,27896.9,19282.35,8767.6,39024.0,55583.1,33166.55,39447.9,16097.25,104513.75,20093.4,18332.55,19056.65,33438.5
2021-05-09,30752.25,12099.949999999999,14026.65,39250.75,49135.1,29458.95,56930.9,23861.7,62811.0,23377.05,20325.0,18585.55,31717.904166666667
2021-05-10,32517.7,26384.05,8659.5,22929.4,40496.4,25059.7,39586.9,11406.65,64641.75,28448.7,32415.75,20980.65,29460.595833333333
2021-05-11,22545.65,5650.1,8771.6,20241.05,46169.55,24265.7,40668.55,12882.45,117888.6,24730.75,49431.95,14641.5,32323.954166666666
2021-05-12,18748.4,6239.25,11925.25,31440.2,32236.35,64058.05,52018.15,22679.55,92259.55,26592.0,22259.85,19284.45,33311.754166666666
2021-05-13,24810.55,12167.7,8375.2,24505.3,68591.5,12267.45,38877.0,13280.85,82993.0,21487.9,26734.95,17527.45,29301.57083333333
2021-05-14,32478.2,12681.5,14318.15,30018.8,52901.15,14297.65,43210.25,14915.1,71943.1,21641.3,41610.55,16244.550000000001,30521.691666666666
2021-05-15,28873.5,7454.85,8102.35,23109.35,38800.5,9752.65,34695.4,11324.45,109763.55,24191.05,26432.75,22726.55,28768.9125
2021-05-16,39552.3,10915.0,13322.9,30183.75,30113.05,27492.3,55084.5,18417.05,65373.05,26419.0,19560.65,16027.85,29371.783333333333
2021-05-17,27892.6,8480.9,9136.15,38759.0,44450.05,23399.1,41752.9,11807.55,65420.45,17213.6,45745.35,18935.05,29416.058333333334
2021-05-18,25657.2,4445.3,11173.05,26646.7,51704.75,28290.15,45481.7,21087.45,87009.35,10891.5,45163.2,16611.25,31180.13333333333
2021-05-19,18340.9,9203.75,10221.9,35755.4,37244.05,29624.65,44890.35,15655.95,79973.7,11655.65,23336.95,14976.2,27573.2875
2021-05-20,17938.8,9866.75,9374.15,36741.3,51373.5,28530.8,65192.05,22614.55,78516.0,11173.15,48861.55,18386.65,33214.104166666664
2021-05-21,18547.1,9020.15,9243.65,29548.9,41946.75,25667.5,23782.15,8757.2,100104.3,11205.45,19993.3,17661.35,26289.816666666666
2021-05-22,20615.9,10508.25,9666.85,43580.55,45438.9,24385.6,1489.25,15256.55,113270.45,10918.0,28013.55,14831.6,28164.620833333334
2021-05-23,20783.55,5767.0,11971.7,28036.1,42593.4,35083.9,4721.55,9801.25,59967.9,10902.2,29316.1,20520.1,23288.729166666668
2021-05-24,16955.6,8927.15,8526.7,33286.75,54841.0,31382.5,32084.2,19884.85,104537.85,12388.35,26340.15,16453.65,30467.395833333332
2021-05-25,21518.85,8523.8,11036.9,24447.9,45383.35,22682.4,49531.3,19828.8,70585.75,11948.4,32577.3,16097.2,27846.829166666666
2021-05-26,18780.7,10745.35,9565.0,24430.5,54260.65,29132.25,66527.5,17873.35,93739.6,10560.6,52362.15,14641.4,33551.5875
2021-05-27,22386.3,10545.35,6447.1,36986.5,65255.85,31657.8,55389.95,22057.8,79391.55,11283.65,45103.1,19690.85,33849.65
2021-05-28,21059.65,10498.95,9612.35,36270.8,39167.3,25767.55,45651.25,11745.55,98140.43333333333,12168.9,39184.55,20203.3,30789.215277777777
2021-05-29,17805.95,4940.85,13010.15,28216.25,43892.35,31015.7,43551.2,12443.0,69233.25,10785.3,37622.2,20118.2,27719.533333333333
2021-05-30,23769.05,6616.9,7691.4,26212.8,50152.8,35878.95,44315.8,26162.0,104741.7,16003.35,19596.3,20440.25,31798.441666666666
2021-05-31,22409.95,5880.55,7679.9,31268.75,50753.35,27112.75,30206.45,14331.1,75139.35,22258.45,30668.1,17753.45,27955.179166666665
2021-06-01,20597.7,2937.4,9040.65,38539.95,31441.85,25090.15,39825.95,18775.5,59441.05,27620.85,30163.0,15074.4,26545.704166666666
2021-06-02,25375.85,3713.95,11038.7,31483.45,45354.75,23979.15,70957.9,11001.2,44899.35,25356.9,17831.3,13770.050000000001,27063.545833333334
2021-06-03,21886.55,3402.45,5994.45,33578.75,52511.4,23416.3,29058.25,8895.3,114833.4,32083.6,29563.95,19328.25,31212.720833333333
2021-06-04,22217.4,12164.95,9915.65,39063.55,41719.15,31469.85,36050.3,16270.75,121782.25,24114.1,29524.6,14981.15,33272.808333333334
2021-06-05,18137.05,4512.8,11052.5,29449.05,51153.35,26613.45,14045.0,18000.85,109883.15,20944.6,20083.05,15373.2,28270.670833333334
2021-06-06,20565.5,4719.15,11138.55,20340.25,45432.4,15000.8,2602.45,12004.95,100743.35,22396.75,32686.55,20679.55,25692.520833333332
2021-06-07,16609.8,12509.05,9491.85,20092.6,32822.0,20575.45,48288.6,8697.2,92459.6,18687.65,13223.35,15859.15,25776.358333333334
2021-06-08,34505.85,8812.65,9517.15,33317.15,44988.75,33452.75,39073.65,17101.0,86022.1,20766.55,48322.75,15110.45,32582.566666666666
2021-06-09,32656.7,9681.4,6935.95,30075.75,54348.25,32324.166666666668,54812.9,19415.35,85696.0,23019.6,22957.0,21815.55,32811.55138888889
2021-06-10,20226.05,6082.1,11071.25,34917.65,59171.9,33518.5,35727.8,10092.85,71521.95,24756.95,36709.6,16230.4,30002.25
2021-06-11,3253.35,3101.4,0.0,12727.85,5948.2,11648.6,1498.0,8304.55,3869.6,3253.55,0.0,2235.2,4653.358333333334
